

USE `hn_tes`;

/*Data for the table `tes_branch` */

INSERT  INTO `tes_branch`(`id`,`name`,`code`,`address`,`level`,`superior_id`,`superior_code`,`is_del`,`status`,`create_user_id`,`update_user_id`,`create_time`,`update_time`) VALUES

(1,'总行','001','',0,-1,'',1,1,1,1,'2018-12-18 23:00:51','2018-12-19 11:28:07'),

(12,'河南建行','001001','河南省郑州市金水区八号',1,1,'001',1,1,1,1,'2018-12-19 14:40:07','2018-12-19 14:40:07'),

(13,'深圳分行','001002','深圳市福田区',1,1,'001',1,1,1,1,'2018-12-19 14:44:00','2018-12-19 14:44:00'),

(14,'信阳分行','001001001','羊山区新五大街',2,12,'001001',1,1,1,1,'2018-12-19 14:45:05','2018-12-19 14:45:42'),

(15,'郑州分行','001001002','金水区',2,12,'001001',1,1,1,1,'2018-12-19 14:46:22','2018-12-19 14:46:22'),

(16,'开封建行','001001003','',2,12,'001001',1,1,1,1,'2018-12-19 14:46:50','2018-12-19 14:47:00'),

(17,'辽宁分行','001003','沈阳市和平街8号',1,1,'001',1,1,1,1,'2018-12-19 14:48:53','2018-12-19 14:48:53'),

(18,'青岛分行','001004','',1,1,'001',1,1,1,1,'2018-12-19 14:49:04','2018-12-19 14:49:04');

/*Data for the table `tes_department` */

INSERT  INTO `tes_department`(`id`,`name`,`code`,`superior_id`,`is_del`,`status`,`create_time`,`create_user_id`,`update_time`,`update_user_id`) VALUES

(1,'人力资源部','D20181218001',-1,1,1,'2018-12-18 22:26:55',1,'2018-12-18 22:26:55',1),

(2,'会计部','D20181218002',-1,1,1,'2018-12-18 22:27:09',1,'2018-12-18 22:27:09',1);

/*Data for the table `tes_judge` */

INSERT  INTO `tes_judge`(`id`,`title`,`answer`,`content`,`extra_info`,`bank_id`,`branch_id`,`department_id`,`station_id`,`owner_id`,`public_flag`,`status`,`attr_1`,`attr_2`,`attr_3`,`attr_4`,`attr_5`,`is_del`,`create_user_id`,`create_time`,`update_user_id`,`update_time`) VALUES

(1,'题干1','T','','备注信息1',4,1,1,1,-1,1,1,1,1,1,1,1,1,1,'2018-12-21 11:30:21',1,'2018-12-21 11:30:21'),

(2,'题干2','F','','备注信息2',4,1,1,1,-1,1,1,1,1,1,1,1,1,1,'2018-12-21 11:30:21',1,'2018-12-21 11:30:21'),

(3,'题干3','F','','备注信息3',4,1,1,1,-1,1,1,1,1,1,1,1,1,1,'2018-12-21 11:30:21',1,'2018-12-21 11:30:21'),

(4,'题干4','F','','备注信息4',4,1,1,1,-1,1,1,1,1,1,1,1,1,1,'2018-12-21 11:30:21',1,'2018-12-21 11:30:21'),

(5,'题干5','T','','备注信息5',4,1,1,1,-1,1,1,1,1,1,1,1,1,1,'2018-12-21 11:30:21',1,'2018-12-21 11:30:21'),

(6,'题干6','T','','备注信息6',4,1,1,1,-1,1,1,1,1,1,1,1,1,1,'2018-12-21 11:30:21',1,'2018-12-21 11:30:21'),

(7,'题干7','T','','备注信息7',4,1,1,1,-1,1,1,1,1,1,1,1,1,1,'2018-12-21 11:30:21',1,'2018-12-21 11:30:21'),

(8,'题干8','F','','备注信息8',4,1,1,1,-1,1,1,1,1,1,1,1,1,1,'2018-12-21 11:30:21',1,'2018-12-21 11:30:21'),

(9,'题干9','F','','备注信息9',4,1,1,1,-1,1,1,1,1,1,1,1,1,1,'2018-12-21 11:30:21',1,'2018-12-21 11:30:21'),

(10,'题干10','T','','备注信息10',4,1,1,1,-1,1,1,1,1,1,1,1,1,1,'2018-12-21 11:30:21',1,'2018-12-21 11:30:21'),

(11,'题干11','T','','备注信息11',4,1,1,1,-1,1,1,1,1,1,1,1,1,1,'2018-12-21 11:30:21',1,'2018-12-21 11:30:21'),

(12,'题干12','F','','备注信息12',4,1,1,1,-1,1,1,1,1,1,1,1,1,1,'2018-12-21 11:30:21',1,'2018-12-21 11:30:21'),

(13,'题干13','F','','备注信息13',4,1,1,1,-1,1,1,1,1,1,1,1,1,1,'2018-12-21 11:30:21',1,'2018-12-21 11:30:21'),

(14,'题干14','F','','备注信息14',4,1,1,1,-1,1,1,1,1,1,1,1,1,1,'2018-12-21 11:30:21',1,'2018-12-21 11:30:21'),

(15,'题干15','T','','备注信息15',4,1,1,1,-1,1,1,1,1,1,1,1,1,1,'2018-12-21 11:30:21',1,'2018-12-21 11:30:21'),

(16,'题干16','T','','备注信息16',4,1,1,1,-1,1,1,1,1,1,1,1,1,1,'2018-12-21 11:30:21',1,'2018-12-21 11:30:21'),

(17,'题干17','T','','备注信息17',4,1,1,1,-1,1,1,1,1,1,1,1,1,1,'2018-12-21 11:30:21',1,'2018-12-21 11:30:21'),

(18,'题干18','F','','备注信息18',4,1,1,1,-1,1,1,1,1,1,1,1,1,1,'2018-12-21 11:30:21',1,'2018-12-21 11:30:21'),

(19,'题干19','F','','备注信息19',4,1,1,1,-1,1,1,1,1,1,1,1,1,1,'2018-12-21 11:30:21',1,'2018-12-21 11:30:21'),

(20,'题干20','T','','备注信息20',4,1,1,1,-1,1,1,1,1,1,1,1,1,1,'2018-12-21 11:30:21',1,'2018-12-21 11:30:21'),

(21,'题干21','T','','备注信息21',4,1,1,1,-1,1,1,1,1,1,1,1,1,1,'2018-12-21 11:30:21',1,'2018-12-21 11:30:21'),

(22,'题干22','F','','备注信息22',4,1,1,1,-1,1,1,1,1,1,1,1,1,1,'2018-12-21 11:30:21',1,'2018-12-21 11:30:21'),

(23,'题干23','F','','备注信息23',4,1,1,1,-1,1,1,1,1,1,1,1,1,1,'2018-12-21 11:30:21',1,'2018-12-21 11:30:21'),

(24,'题干24','F','','备注信息24',4,1,1,1,-1,1,1,1,1,1,1,1,1,1,'2018-12-21 11:30:21',1,'2018-12-21 11:30:21'),

(25,'题干25','T','','备注信息25',4,1,1,1,-1,1,1,1,1,1,1,1,1,1,'2018-12-21 11:30:21',1,'2018-12-21 11:30:21'),

(26,'题干26','T','','备注信息26',4,1,1,1,-1,1,1,1,1,1,1,1,1,1,'2018-12-21 11:30:21',1,'2018-12-21 11:30:21'),

(27,'题干27','T','','备注信息27',4,1,1,1,-1,1,1,1,1,1,1,1,1,1,'2018-12-21 11:30:21',1,'2018-12-21 11:30:21'),

(28,'题干28','F','','备注信息28',4,1,1,1,-1,1,1,1,1,1,1,1,1,1,'2018-12-21 11:30:21',1,'2018-12-21 11:30:21'),

(29,'题干29','F','','备注信息29',4,1,1,1,-1,1,1,1,1,1,1,1,1,1,'2018-12-21 11:30:21',1,'2018-12-21 11:30:21'),

(30,'题干30','T','','备注信息30',4,1,1,1,-1,1,1,1,1,1,1,1,1,1,'2018-12-21 11:30:21',1,'2018-12-21 11:30:21'),

(31,'题干31','T','','备注信息31',4,1,1,1,-1,1,1,1,1,1,1,1,1,1,'2018-12-21 11:30:21',1,'2018-12-21 11:30:21'),

(32,'题干32','F','','备注信息32',4,1,1,1,-1,1,1,1,1,1,1,1,1,1,'2018-12-21 11:30:21',1,'2018-12-21 11:30:21'),

(33,'题干33','F','','备注信息33',4,1,1,1,-1,1,1,1,1,1,1,1,1,1,'2018-12-21 11:30:21',1,'2018-12-21 11:30:21'),

(34,'题干34','F','','备注信息34',4,1,1,1,-1,1,1,1,1,1,1,1,1,1,'2018-12-21 11:30:21',1,'2018-12-21 11:30:21'),

(35,'题干35','T','','备注信息35',4,1,1,1,-1,1,1,1,1,1,1,1,1,1,'2018-12-21 11:30:21',1,'2018-12-21 11:30:21'),

(36,'题干36','T','','备注信息36',4,1,1,1,-1,1,1,1,1,1,1,1,1,1,'2018-12-21 11:30:21',1,'2018-12-21 11:30:21'),

(37,'题干37','T','','备注信息37',4,1,1,1,-1,1,1,1,1,1,1,1,1,1,'2018-12-21 11:30:21',1,'2018-12-21 11:30:21'),

(38,'题干38','F','','备注信息38',4,1,1,1,-1,1,1,1,1,1,1,1,1,1,'2018-12-21 11:30:21',1,'2018-12-21 11:30:21'),

(39,'题干39','F','','备注信息39',4,1,1,1,-1,1,1,1,1,1,1,1,1,1,'2018-12-21 11:30:21',1,'2018-12-21 11:30:21'),

(40,'题干40','T','','备注信息40',4,1,1,1,-1,1,1,1,1,1,1,1,1,1,'2018-12-21 11:30:21',1,'2018-12-21 11:30:21'),

(41,'题干41','T','','备注信息41',4,1,1,1,-1,1,1,1,1,1,1,1,1,1,'2018-12-21 11:30:21',1,'2018-12-21 11:30:21'),

(42,'题干42','F','','备注信息42',4,1,1,1,-1,1,1,1,1,1,1,1,1,1,'2018-12-21 11:30:21',1,'2018-12-21 11:30:21'),

(43,'题干43','F','','备注信息43',4,1,1,1,-1,1,1,1,1,1,1,1,1,1,'2018-12-21 11:30:21',1,'2018-12-21 11:30:21'),

(44,'题干44','F','','备注信息44',4,1,1,1,-1,1,1,1,1,1,1,1,1,1,'2018-12-21 11:30:21',1,'2018-12-21 11:30:21'),

(45,'题干45','T','','备注信息45',4,1,1,1,-1,1,1,1,1,1,1,1,1,1,'2018-12-21 11:30:21',1,'2018-12-21 11:30:21'),

(46,'题干46','T','','备注信息46',4,1,1,1,-1,1,1,1,1,1,1,1,1,1,'2018-12-21 11:30:21',1,'2018-12-21 11:30:21'),

(47,'题干47','T','','备注信息47',4,1,1,1,-1,1,1,1,1,1,1,1,1,1,'2018-12-21 11:30:21',1,'2018-12-21 11:30:21'),

(48,'题干48','F','','备注信息48',4,1,1,1,-1,1,1,1,1,1,1,1,1,1,'2018-12-21 11:30:21',1,'2018-12-21 11:30:21'),

(49,'题干49','F','','备注信息49',4,1,1,1,-1,1,1,1,1,1,1,1,1,1,'2018-12-21 11:30:21',1,'2018-12-21 11:30:21'),

(50,'题干50','T','','备注信息50',4,1,1,1,-1,1,1,1,1,1,1,1,1,1,'2018-12-21 11:30:21',1,'2018-12-21 11:30:21');

/*Data for the table `tes_login_log` */

INSERT  INTO `tes_login_log`(`id`,`user_id`,`ip`,`content`,`update_time`,`update_user_id`,`create_user_id`,`create_time`) VALUES

(1,5,'0:0:0:0:0:0:0:1','Mozilla/5.0 (Windows NT 10.0; Win64; x64) AppleWebKit/537.36 (KHTML, like Gecko) Chrome/70.0.3538.11','2018-12-19 22:18:08',-1,-1,'2018-12-19 22:18:08'),

(2,1,'0:0:0:0:0:0:0:1','Mozilla/5.0 (Windows NT 10.0; Win64; x64) AppleWebKit/537.36 (KHTML, like Gecko) Chrome/70.0.3538.11','2018-12-19 22:19:48',-1,-1,'2018-12-19 22:19:48'),

(3,5,'0:0:0:0:0:0:0:1','Mozilla/5.0 (Windows NT 10.0; Win64; x64) AppleWebKit/537.36 (KHTML, like Gecko) Chrome/70.0.3538.11','2018-12-19 22:30:17',-1,-1,'2018-12-19 22:30:17'),

(4,5,'0:0:0:0:0:0:0:1','Mozilla/5.0 (Windows NT 10.0; Win64; x64) AppleWebKit/537.36 (KHTML, like Gecko) Chrome/70.0.3538.11','2018-12-19 22:46:31',-1,-1,'2018-12-19 22:46:31'),

(5,5,'0:0:0:0:0:0:0:1','Mozilla/5.0 (Windows NT 10.0; Win64; x64) AppleWebKit/537.36 (KHTML, like Gecko) Chrome/70.0.3538.11','2018-12-19 22:50:43',-1,-1,'2018-12-19 22:50:43'),

(6,5,'0:0:0:0:0:0:0:1','Mozilla/5.0 (Windows NT 10.0; Win64; x64) AppleWebKit/537.36 (KHTML, like Gecko) Chrome/70.0.3538.11','2018-12-19 23:12:33',-1,-1,'2018-12-19 23:12:33'),

(7,5,'0:0:0:0:0:0:0:1','Mozilla/5.0 (Windows NT 10.0; Win64; x64) AppleWebKit/537.36 (KHTML, like Gecko) Chrome/70.0.3538.11','2018-12-19 23:27:15',-1,-1,'2018-12-19 23:27:15'),

(8,5,'0:0:0:0:0:0:0:1','Mozilla/5.0 (Windows NT 10.0; Win64; x64) AppleWebKit/537.36 (KHTML, like Gecko) Chrome/70.0.3538.11','2018-12-20 22:32:07',-1,-1,'2018-12-20 22:32:07'),

(9,5,'0:0:0:0:0:0:0:1','Mozilla/5.0 (Windows NT 10.0; Win64; x64) AppleWebKit/537.36 (KHTML, like Gecko) Chrome/70.0.3538.11','2018-12-20 22:33:19',-1,-1,'2018-12-20 22:33:19'),

(10,5,'0:0:0:0:0:0:0:1','Mozilla/5.0 (Windows NT 10.0; Win64; x64) AppleWebKit/537.36 (KHTML, like Gecko) Chrome/70.0.3538.11','2018-12-20 22:39:56',-1,-1,'2018-12-20 22:39:56'),

(11,5,'0:0:0:0:0:0:0:1','Mozilla/5.0 (Windows NT 10.0; Win64; x64) AppleWebKit/537.36 (KHTML, like Gecko) Chrome/70.0.3538.11','2018-12-20 22:41:39',-1,-1,'2018-12-20 22:41:39'),

(12,1,'0:0:0:0:0:0:0:1','Mozilla/5.0 (Windows NT 10.0; Win64; x64) AppleWebKit/537.36 (KHTML, like Gecko) Chrome/67.0.3396.62','2018-12-21 09:48:15',-1,-1,'2018-12-21 09:48:15'),

(13,1,'0:0:0:0:0:0:0:1','Mozilla/5.0 (Windows NT 10.0; Win64; x64) AppleWebKit/537.36 (KHTML, like Gecko) Chrome/67.0.3396.62','2018-12-21 09:48:17',-1,-1,'2018-12-21 09:48:17'),

(14,1,'0:0:0:0:0:0:0:1','Mozilla/5.0 (Windows NT 10.0; Win64; x64) AppleWebKit/537.36 (KHTML, like Gecko) Chrome/67.0.3396.62','2018-12-21 10:01:08',-1,-1,'2018-12-21 10:01:08'),

(15,1,'0:0:0:0:0:0:0:1','Mozilla/5.0 (Windows NT 10.0; Win64; x64) AppleWebKit/537.36 (KHTML, like Gecko) Chrome/67.0.3396.62','2018-12-21 10:38:49',-1,-1,'2018-12-21 10:38:49'),

(16,1,'0:0:0:0:0:0:0:1','Mozilla/5.0 (Windows NT 10.0; Win64; x64) AppleWebKit/537.36 (KHTML, like Gecko) Chrome/67.0.3396.62','2018-12-21 13:59:58',-1,-1,'2018-12-21 13:59:58'),

(17,1,'0:0:0:0:0:0:0:1','Mozilla/5.0 (Windows NT 10.0; Win64; x64) AppleWebKit/537.36 (KHTML, like Gecko) Chrome/67.0.3396.62','2018-12-21 14:49:32',-1,-1,'2018-12-21 14:49:32'),

(18,1,'0:0:0:0:0:0:0:1','Mozilla/5.0 (Windows NT 10.0; Win64; x64) AppleWebKit/537.36 (KHTML, like Gecko) Chrome/67.0.3396.62','2018-12-21 15:02:42',-1,-1,'2018-12-21 15:02:42'),

(19,1,'0:0:0:0:0:0:0:1','Mozilla/5.0 (Windows NT 10.0; Win64; x64) AppleWebKit/537.36 (KHTML, like Gecko) Chrome/67.0.3396.62','2018-12-21 17:47:56',-1,-1,'2018-12-21 17:47:56'),

(20,3,'0:0:0:0:0:0:0:1','Mozilla/5.0 (Windows NT 10.0; WOW64) AppleWebKit/537.36 (KHTML, like Gecko) Chrome/63.0.3239.132 Saf','2018-12-21 17:49:33',-1,-1,'2018-12-21 17:49:33'),

(21,1,'0:0:0:0:0:0:0:1','Mozilla/5.0 (Windows NT 10.0; Win64; x64) AppleWebKit/537.36 (KHTML, like Gecko) Chrome/67.0.3396.62','2018-12-22 09:44:41',-1,-1,'2018-12-22 09:44:41'),

(22,1,'0:0:0:0:0:0:0:1','Mozilla/5.0 (Windows NT 10.0; Win64; x64) AppleWebKit/537.36 (KHTML, like Gecko) Chrome/67.0.3396.62','2018-12-22 09:53:08',-1,-1,'2018-12-22 09:53:08'),

(23,1,'0:0:0:0:0:0:0:1','Mozilla/5.0 (Windows NT 10.0; Win64; x64) AppleWebKit/537.36 (KHTML, like Gecko) Chrome/67.0.3396.62','2018-12-22 09:53:42',-1,-1,'2018-12-22 09:53:42'),

(24,1,'0:0:0:0:0:0:0:1','Mozilla/5.0 (Windows NT 10.0; Win64; x64) AppleWebKit/537.36 (KHTML, like Gecko) Chrome/67.0.3396.62','2018-12-22 10:07:57',-1,-1,'2018-12-22 10:07:57'),

(25,1,'0:0:0:0:0:0:0:1','Mozilla/5.0 (Windows NT 10.0; Win64; x64) AppleWebKit/537.36 (KHTML, like Gecko) Chrome/67.0.3396.62','2018-12-22 11:03:35',-1,-1,'2018-12-22 11:03:35'),

(26,1,'0:0:0:0:0:0:0:1','Mozilla/5.0 (Windows NT 10.0; Win64; x64) AppleWebKit/537.36 (KHTML, like Gecko) Chrome/67.0.3396.62','2019-01-05 10:35:42',-1,-1,'2019-01-05 10:35:42'),

(27,1,'0:0:0:0:0:0:0:1','Mozilla/5.0 (Windows NT 10.0; Win64; x64) AppleWebKit/537.36 (KHTML, like Gecko) Chrome/67.0.3396.62','2019-01-05 10:35:46',-1,-1,'2019-01-05 10:35:46'),

(28,1,'0:0:0:0:0:0:0:1','Mozilla/5.0 (Windows NT 10.0; Win64; x64) AppleWebKit/537.36 (KHTML, like Gecko) Chrome/67.0.3396.62','2019-01-05 10:57:15',-1,-1,'2019-01-05 10:57:15'),

(29,1,'0:0:0:0:0:0:0:1','Mozilla/5.0 (Windows NT 10.0; Win64; x64) AppleWebKit/537.36 (KHTML, like Gecko) Chrome/67.0.3396.62','2019-01-05 11:01:45',-1,-1,'2019-01-05 11:01:45'),

(30,1,'0:0:0:0:0:0:0:1','Mozilla/5.0 (Windows NT 10.0; Win64; x64) AppleWebKit/537.36 (KHTML, like Gecko) Chrome/67.0.3396.62','2019-01-05 11:19:42',-1,-1,'2019-01-05 11:19:42'),

(31,1,'0:0:0:0:0:0:0:1','Mozilla/5.0 (Windows NT 10.0; Win64; x64) AppleWebKit/537.36 (KHTML, like Gecko) Chrome/67.0.3396.62','2019-01-05 12:00:47',-1,-1,'2019-01-05 12:00:47'),

(32,1,'0:0:0:0:0:0:0:1','Mozilla/5.0 (Windows NT 10.0; Win64; x64) AppleWebKit/537.36 (KHTML, like Gecko) Chrome/67.0.3396.62','2019-01-05 14:05:19',-1,-1,'2019-01-05 14:05:19'),

(33,1,'0:0:0:0:0:0:0:1','Mozilla/5.0 (Windows NT 10.0; Win64; x64) AppleWebKit/537.36 (KHTML, like Gecko) Chrome/67.0.3396.62','2019-01-05 14:30:50',-1,-1,'2019-01-05 14:30:50'),

(34,1,'0:0:0:0:0:0:0:1','Mozilla/5.0 (Windows NT 10.0; Win64; x64) AppleWebKit/537.36 (KHTML, like Gecko) Chrome/67.0.3396.62','2019-01-05 14:35:27',-1,-1,'2019-01-05 14:35:27'),

(35,1,'0:0:0:0:0:0:0:1','Mozilla/5.0 (Windows NT 10.0; Win64; x64) AppleWebKit/537.36 (KHTML, like Gecko) Chrome/67.0.3396.62','2019-01-05 14:41:04',-1,-1,'2019-01-05 14:41:04'),

(36,1,'0:0:0:0:0:0:0:1','Mozilla/5.0 (Windows NT 10.0; Win64; x64) AppleWebKit/537.36 (KHTML, like Gecko) Chrome/67.0.3396.62','2019-01-05 14:50:07',-1,-1,'2019-01-05 14:50:07'),

(37,1,'127.0.0.1','Mozilla/5.0 (Windows NT 10.0; Win64; x64) AppleWebKit/537.36 (KHTML, like Gecko) Chrome/67.0.3396.62','2019-01-05 17:01:11',-1,-1,'2019-01-05 17:01:11'),

(38,1,'127.0.0.1','Mozilla/5.0 (Linux; U; Android 8.1.0; zh-CN; MZ-16th Build/MRA58K) AppleWebKit/537.36 (KHTML, like G','2019-04-12 16:34:25',-1,-1,'2019-04-12 16:34:25'),

(39,1,'127.0.0.1','Mozilla/5.0 (Windows NT 10.0; Win64; x64) AppleWebKit/537.36 (KHTML, like Gecko) Chrome/73.0.3683.75','2019-04-12 16:38:01',-1,-1,'2019-04-12 16:38:01'),

(40,1,'127.0.0.1','Mozilla/5.0 (Windows NT 10.0; Win64; x64) AppleWebKit/537.36 (KHTML, like Gecko) Chrome/73.0.3683.10','2019-04-12 16:43:37',-1,-1,'2019-04-12 16:43:37'),

(41,1,'127.0.0.1','Mozilla/5.0 (Linux; U; Android 8.1.0; zh-CN; MZ-16th Build/MRA58K) AppleWebKit/537.36 (KHTML, like G','2019-04-12 17:07:27',-1,-1,'2019-04-12 17:07:27'),

(42,1,'0:0:0:0:0:0:0:1','Mozilla/5.0 (Linux; Android 6.0; Nexus 5 Build/MRA58N) AppleWebKit/537.36 (KHTML, like Gecko) Chrome','2019-04-24 14:17:57',-1,-1,'2019-04-24 14:17:57'),

(43,1,'0:0:0:0:0:0:0:1','Mozilla/5.0 (Linux; Android 6.0; Nexus 5 Build/MRA58N) AppleWebKit/537.36 (KHTML, like Gecko) Chrome','2019-04-25 17:46:35',-1,-1,'2019-04-25 17:46:35'),

(44,1,'0:0:0:0:0:0:0:1','Mozilla/5.0 (Linux; Android 6.0; Nexus 5 Build/MRA58N) AppleWebKit/537.36 (KHTML, like Gecko) Chrome','2019-04-25 18:04:28',-1,-1,'2019-04-25 18:04:28'),

(45,1,'0:0:0:0:0:0:0:1','Mozilla/5.0 (Linux; Android 6.0; Nexus 5 Build/MRA58N) AppleWebKit/537.36 (KHTML, like Gecko) Chrome','2019-04-25 18:17:54',-1,-1,'2019-04-25 18:17:54'),

(46,1,'0:0:0:0:0:0:0:1','Mozilla/5.0 (Linux; Android 6.0; Nexus 5 Build/MRA58N) AppleWebKit/537.36 (KHTML, like Gecko) Chrome','2019-04-26 11:58:01',-1,-1,'2019-04-26 11:58:01'),

(47,1,'0:0:0:0:0:0:0:1','Mozilla/5.0 (Linux; Android 6.0; Nexus 5 Build/MRA58N) AppleWebKit/537.36 (KHTML, like Gecko) Chrome','2019-04-26 14:04:37',-1,-1,'2019-04-26 14:04:37'),

(48,1,'0:0:0:0:0:0:0:1','Mozilla/5.0 (Linux; Android 6.0; Nexus 5 Build/MRA58N) AppleWebKit/537.36 (KHTML, like Gecko) Chrome','2019-04-26 14:29:11',-1,-1,'2019-04-26 14:29:11'),

(49,1,'0:0:0:0:0:0:0:1','Mozilla/5.0 (Linux; Android 6.0; Nexus 5 Build/MRA58N) AppleWebKit/537.36 (KHTML, like Gecko) Chrome','2019-04-26 14:31:21',-1,-1,'2019-04-26 14:31:21'),

(50,1,'0:0:0:0:0:0:0:1','Mozilla/5.0 (Linux; Android 6.0; Nexus 5 Build/MRA58N) AppleWebKit/537.36 (KHTML, like Gecko) Chrome','2019-04-26 16:26:49',-1,-1,'2019-04-26 16:26:49'),

(51,1,'0:0:0:0:0:0:0:1','Mozilla/5.0 (Linux; Android 6.0; Nexus 5 Build/MRA58N) AppleWebKit/537.36 (KHTML, like Gecko) Chrome','2019-04-26 16:56:28',-1,-1,'2019-04-26 16:56:28'),

(52,1,'0:0:0:0:0:0:0:1','Mozilla/5.0 (Linux; Android 6.0; Nexus 5 Build/MRA58N) AppleWebKit/537.36 (KHTML, like Gecko) Chrome','2019-04-26 17:19:45',-1,-1,'2019-04-26 17:19:45'),

(53,1,'0:0:0:0:0:0:0:1','Mozilla/5.0 (Linux; Android 6.0; Nexus 5 Build/MRA58N) AppleWebKit/537.36 (KHTML, like Gecko) Chrome','2019-04-26 17:21:11',-1,-1,'2019-04-26 17:21:11'),

(54,1,'0:0:0:0:0:0:0:1','Mozilla/5.0 (Linux; Android 6.0; Nexus 5 Build/MRA58N) AppleWebKit/537.36 (KHTML, like Gecko) Chrome','2019-04-26 17:57:27',-1,-1,'2019-04-26 17:57:27'),

(55,1,'0:0:0:0:0:0:0:1','Mozilla/5.0 (Linux; Android 6.0; Nexus 5 Build/MRA58N) AppleWebKit/537.36 (KHTML, like Gecko) Chrome','2019-04-26 18:02:48',-1,-1,'2019-04-26 18:02:48'),

(56,1,'0:0:0:0:0:0:0:1','Mozilla/5.0 (Linux; Android 6.0; Nexus 5 Build/MRA58N) AppleWebKit/537.36 (KHTML, like Gecko) Chrome','2019-04-26 18:20:58',-1,-1,'2019-04-26 18:20:58'),

(57,1,'0:0:0:0:0:0:0:1','Mozilla/5.0 (Linux; Android 6.0; Nexus 5 Build/MRA58N) AppleWebKit/537.36 (KHTML, like Gecko) Chrome','2019-04-28 15:25:51',-1,-1,'2019-04-28 15:25:51'),

(58,1,'0:0:0:0:0:0:0:1','Mozilla/5.0 (Linux; Android 6.0; Nexus 5 Build/MRA58N) AppleWebKit/537.36 (KHTML, like Gecko) Chrome','2019-04-28 15:39:48',-1,-1,'2019-04-28 15:39:48'),

(59,1,'0:0:0:0:0:0:0:1','Mozilla/5.0 (Linux; Android 6.0; Nexus 5 Build/MRA58N) AppleWebKit/537.36 (KHTML, like Gecko) Chrome','2019-04-28 15:44:49',-1,-1,'2019-04-28 15:44:49'),

(60,1,'0:0:0:0:0:0:0:1','Mozilla/5.0 (Linux; Android 6.0; Nexus 5 Build/MRA58N) AppleWebKit/537.36 (KHTML, like Gecko) Chrome','2019-04-28 15:53:13',-1,-1,'2019-04-28 15:53:13'),

(61,1,'0:0:0:0:0:0:0:1','Mozilla/5.0 (Linux; Android 6.0; Nexus 5 Build/MRA58N) AppleWebKit/537.36 (KHTML, like Gecko) Chrome','2019-04-28 16:14:26',-1,-1,'2019-04-28 16:14:26'),

(62,1,'0:0:0:0:0:0:0:1','Mozilla/5.0 (Linux; Android 6.0; Nexus 5 Build/MRA58N) AppleWebKit/537.36 (KHTML, like Gecko) Chrome','2019-04-28 16:20:15',-1,-1,'2019-04-28 16:20:15'),

(63,1,'0:0:0:0:0:0:0:1','Mozilla/5.0 (Linux; Android 6.0; Nexus 5 Build/MRA58N) AppleWebKit/537.36 (KHTML, like Gecko) Chrome','2019-04-28 18:01:30',-1,-1,'2019-04-28 18:01:30'),

(64,1,'0:0:0:0:0:0:0:1','Mozilla/5.0 (Linux; Android 6.0; Nexus 5 Build/MRA58N) AppleWebKit/537.36 (KHTML, like Gecko) Chrome','2019-04-28 18:46:09',-1,-1,'2019-04-28 18:46:09'),

(65,1,'0:0:0:0:0:0:0:1','Mozilla/5.0 (Linux; Android 6.0; Nexus 5 Build/MRA58N) AppleWebKit/537.36 (KHTML, like Gecko) Chrome','2019-04-28 18:53:58',-1,-1,'2019-04-28 18:53:58'),

(66,1,'0:0:0:0:0:0:0:1','Mozilla/5.0 (Linux; Android 6.0; Nexus 5 Build/MRA58N) AppleWebKit/537.36 (KHTML, like Gecko) Chrome','2019-04-29 10:22:19',-1,-1,'2019-04-29 10:22:19'),

(67,1,'0:0:0:0:0:0:0:1','Mozilla/5.0 (Linux; Android 6.0; Nexus 5 Build/MRA58N) AppleWebKit/537.36 (KHTML, like Gecko) Chrome','2019-04-29 11:12:49',-1,-1,'2019-04-29 11:12:49'),

(68,1,'0:0:0:0:0:0:0:1','Mozilla/5.0 (Linux; Android 6.0; Nexus 5 Build/MRA58N) AppleWebKit/537.36 (KHTML, like Gecko) Chrome','2019-04-29 11:18:52',-1,-1,'2019-04-29 11:18:52'),

(69,1,'0:0:0:0:0:0:0:1','Mozilla/5.0 (Linux; Android 6.0; Nexus 5 Build/MRA58N) AppleWebKit/537.36 (KHTML, like Gecko) Chrome','2019-04-29 11:28:00',-1,-1,'2019-04-29 11:28:00'),

(70,1,'0:0:0:0:0:0:0:1','Mozilla/5.0 (Linux; Android 6.0; Nexus 5 Build/MRA58N) AppleWebKit/537.36 (KHTML, like Gecko) Chrome','2019-04-29 14:05:49',-1,-1,'2019-04-29 14:05:49'),

(71,1,'0:0:0:0:0:0:0:1','Mozilla/5.0 (Linux; Android 6.0; Nexus 5 Build/MRA58N) AppleWebKit/537.36 (KHTML, like Gecko) Chrome','2019-04-29 14:28:33',-1,-1,'2019-04-29 14:28:33'),

(72,1,'0:0:0:0:0:0:0:1','Mozilla/5.0 (Linux; Android 6.0; Nexus 5 Build/MRA58N) AppleWebKit/537.36 (KHTML, like Gecko) Chrome','2019-04-29 15:30:51',-1,-1,'2019-04-29 15:30:51'),

(73,1,'0:0:0:0:0:0:0:1','Mozilla/5.0 (Linux; Android 6.0; Nexus 5 Build/MRA58N) AppleWebKit/537.36 (KHTML, like Gecko) Chrome','2019-04-29 17:35:43',-1,-1,'2019-04-29 17:35:43'),

(74,1,'0:0:0:0:0:0:0:1','Mozilla/5.0 (Linux; Android 6.0; Nexus 5 Build/MRA58N) AppleWebKit/537.36 (KHTML, like Gecko) Chrome','2019-04-29 17:53:22',-1,-1,'2019-04-29 17:53:22'),

(75,1,'0:0:0:0:0:0:0:1','Mozilla/5.0 (Linux; Android 6.0; Nexus 5 Build/MRA58N) AppleWebKit/537.36 (KHTML, like Gecko) Chrome','2019-04-29 17:58:58',-1,-1,'2019-04-29 17:58:58'),

(76,1,'0:0:0:0:0:0:0:1','Mozilla/5.0 (Linux; Android 6.0; Nexus 5 Build/MRA58N) AppleWebKit/537.36 (KHTML, like Gecko) Chrome','2019-04-29 19:29:37',-1,-1,'2019-04-29 19:29:37'),

(77,1,'0:0:0:0:0:0:0:1','Mozilla/5.0 (Windows NT 10.0; Win64; x64) AppleWebKit/537.36 (KHTML, like Gecko) Chrome/73.0.3683.86','2019-04-30 10:11:08',-1,-1,'2019-04-30 10:11:08'),

(78,1,'0:0:0:0:0:0:0:1','Mozilla/5.0 (Windows NT 10.0; Win64; x64) AppleWebKit/537.36 (KHTML, like Gecko) Chrome/73.0.3683.86','2019-04-30 10:31:35',-1,-1,'2019-04-30 10:31:35'),

(79,1,'0:0:0:0:0:0:0:1','Mozilla/5.0 (Windows NT 10.0; Win64; x64) AppleWebKit/537.36 (KHTML, like Gecko) Chrome/73.0.3683.86','2019-04-30 13:47:27',-1,-1,'2019-04-30 13:47:27'),

(80,1,'0:0:0:0:0:0:0:1','Mozilla/5.0 (Windows NT 10.0; Win64; x64) AppleWebKit/537.36 (KHTML, like Gecko) Chrome/73.0.3683.86','2019-04-30 15:16:14',-1,-1,'2019-04-30 15:16:14'),

(81,1,'0:0:0:0:0:0:0:1','Mozilla/5.0 (Windows NT 10.0; Win64; x64) AppleWebKit/537.36 (KHTML, like Gecko) Chrome/73.0.3683.86','2019-04-30 15:53:24',-1,-1,'2019-04-30 15:53:24'),

(82,1,'0:0:0:0:0:0:0:1','Mozilla/5.0 (Windows NT 10.0; Win64; x64) AppleWebKit/537.36 (KHTML, like Gecko) Chrome/73.0.3683.86','2019-04-30 16:03:40',-1,-1,'2019-04-30 16:03:40'),

(83,1,'0:0:0:0:0:0:0:1','Mozilla/5.0 (Windows NT 10.0; Win64; x64) AppleWebKit/537.36 (KHTML, like Gecko) Chrome/73.0.3683.86','2019-04-30 16:32:25',-1,-1,'2019-04-30 16:32:25'),

(84,1,'0:0:0:0:0:0:0:1','Mozilla/5.0 (Windows NT 10.0; Win64; x64) AppleWebKit/537.36 (KHTML, like Gecko) Chrome/73.0.3683.86','2019-04-30 16:36:17',-1,-1,'2019-04-30 16:36:17'),

(85,1,'0:0:0:0:0:0:0:1','Mozilla/5.0 (Windows NT 10.0; Win64; x64) AppleWebKit/537.36 (KHTML, like Gecko) Chrome/73.0.3683.86','2019-04-30 16:36:52',-1,-1,'2019-04-30 16:36:52'),

(86,1,'0:0:0:0:0:0:0:1','Mozilla/5.0 (Windows NT 10.0; Win64; x64) AppleWebKit/537.36 (KHTML, like Gecko) Chrome/73.0.3683.86','2019-04-30 16:39:25',-1,-1,'2019-04-30 16:39:25'),

(87,1,'0:0:0:0:0:0:0:1','Mozilla/5.0 (Windows NT 10.0; Win64; x64) AppleWebKit/537.36 (KHTML, like Gecko) Chrome/73.0.3683.86','2019-04-30 16:44:52',-1,-1,'2019-04-30 16:44:52'),

(88,1,'0:0:0:0:0:0:0:1','Mozilla/5.0 (Windows NT 10.0; Win64; x64) AppleWebKit/537.36 (KHTML, like Gecko) Chrome/73.0.3683.86','2019-04-30 16:45:41',-1,-1,'2019-04-30 16:45:41'),

(89,1,'0:0:0:0:0:0:0:1','Mozilla/5.0 (Windows NT 10.0; Win64; x64) AppleWebKit/537.36 (KHTML, like Gecko) Chrome/73.0.3683.86','2019-04-30 16:46:32',-1,-1,'2019-04-30 16:46:32'),

(90,1,'0:0:0:0:0:0:0:1','Mozilla/5.0 (Windows NT 10.0; Win64; x64) AppleWebKit/537.36 (KHTML, like Gecko) Chrome/73.0.3683.86','2019-04-30 16:47:19',-1,-1,'2019-04-30 16:47:19'),

(91,1,'0:0:0:0:0:0:0:1','Mozilla/5.0 (Windows NT 10.0; Win64; x64) AppleWebKit/537.36 (KHTML, like Gecko) Chrome/73.0.3683.86','2019-04-30 16:49:58',-1,-1,'2019-04-30 16:49:58'),

(92,1,'0:0:0:0:0:0:0:1','Mozilla/5.0 (Windows NT 10.0; Win64; x64) AppleWebKit/537.36 (KHTML, like Gecko) Chrome/73.0.3683.86','2019-04-30 17:08:55',-1,-1,'2019-04-30 17:08:55'),

(93,1,'0:0:0:0:0:0:0:1','Mozilla/5.0 (Windows NT 10.0; Win64; x64) AppleWebKit/537.36 (KHTML, like Gecko) Chrome/73.0.3683.86','2019-04-30 17:12:51',-1,-1,'2019-04-30 17:12:51'),

(94,1,'0:0:0:0:0:0:0:1','Mozilla/5.0 (Windows NT 10.0; Win64; x64) AppleWebKit/537.36 (KHTML, like Gecko) Chrome/73.0.3683.86','2019-04-30 17:13:59',-1,-1,'2019-04-30 17:13:59'),

(95,1,'0:0:0:0:0:0:0:1','Mozilla/5.0 (Windows NT 10.0; Win64; x64) AppleWebKit/537.36 (KHTML, like Gecko) Chrome/73.0.3683.86','2019-04-30 17:14:09',-1,-1,'2019-04-30 17:14:09'),

(96,1,'0:0:0:0:0:0:0:1','Mozilla/5.0 (Windows NT 10.0; Win64; x64) AppleWebKit/537.36 (KHTML, like Gecko) Chrome/73.0.3683.86','2019-04-30 17:14:40',-1,-1,'2019-04-30 17:14:40'),

(97,1,'0:0:0:0:0:0:0:1','Mozilla/5.0 (Windows NT 10.0; Win64; x64) AppleWebKit/537.36 (KHTML, like Gecko) Chrome/73.0.3683.86','2019-04-30 17:16:05',-1,-1,'2019-04-30 17:16:05'),

(98,1,'0:0:0:0:0:0:0:1','Mozilla/5.0 (Windows NT 10.0; Win64; x64) AppleWebKit/537.36 (KHTML, like Gecko) Chrome/73.0.3683.86','2019-04-30 18:28:53',-1,-1,'2019-04-30 18:28:53'),

(99,1,'0:0:0:0:0:0:0:1','Mozilla/5.0 (Windows NT 10.0; Win64; x64) AppleWebKit/537.36 (KHTML, like Gecko) Chrome/73.0.3683.86','2019-04-30 18:31:47',-1,-1,'2019-04-30 18:31:47'),

(100,5,'0:0:0:0:0:0:0:1','Mozilla/5.0 (Windows NT 10.0; Win64; x64) AppleWebKit/537.36 (KHTML, like Gecko) Chrome/73.0.3683.86','2019-04-30 18:32:46',-1,-1,'2019-04-30 18:32:46'),

(101,1,'0:0:0:0:0:0:0:1','Mozilla/5.0 (Windows NT 10.0; Win64; x64) AppleWebKit/537.36 (KHTML, like Gecko) Chrome/73.0.3683.86','2019-04-30 18:36:12',-1,-1,'2019-04-30 18:36:12'),

(102,5,'0:0:0:0:0:0:0:1','Mozilla/5.0 (Windows NT 10.0; Win64; x64) AppleWebKit/537.36 (KHTML, like Gecko) Chrome/73.0.3683.86','2019-04-30 18:37:01',-1,-1,'2019-04-30 18:37:01'),

(103,5,'0:0:0:0:0:0:0:1','Mozilla/5.0 (Windows NT 10.0; Win64; x64) AppleWebKit/537.36 (KHTML, like Gecko) Chrome/73.0.3683.86','2019-04-30 18:37:55',-1,-1,'2019-04-30 18:37:55'),

(104,5,'0:0:0:0:0:0:0:1','Mozilla/5.0 (Windows NT 10.0; Win64; x64) AppleWebKit/537.36 (KHTML, like Gecko) Chrome/73.0.3683.86','2019-04-30 18:39:19',-1,-1,'2019-04-30 18:39:19'),

(105,5,'0:0:0:0:0:0:0:1','Mozilla/5.0 (Windows NT 10.0; Win64; x64) AppleWebKit/537.36 (KHTML, like Gecko) Chrome/73.0.3683.86','2019-04-30 18:39:48',-1,-1,'2019-04-30 18:39:48'),

(106,1,'0:0:0:0:0:0:0:1','Mozilla/5.0 (Windows NT 10.0; Win64; x64) AppleWebKit/537.36 (KHTML, like Gecko) Chrome/73.0.3683.86','2019-04-30 18:42:56',-1,-1,'2019-04-30 18:42:56'),

(107,5,'0:0:0:0:0:0:0:1','Mozilla/5.0 (Windows NT 10.0; Win64; x64) AppleWebKit/537.36 (KHTML, like Gecko) Chrome/73.0.3683.86','2019-04-30 18:43:19',-1,-1,'2019-04-30 18:43:19'),

(108,5,'0:0:0:0:0:0:0:1','Mozilla/5.0 (Windows NT 10.0; Win64; x64) AppleWebKit/537.36 (KHTML, like Gecko) Chrome/73.0.3683.86','2019-04-30 18:43:40',-1,-1,'2019-04-30 18:43:40'),

(109,1,'0:0:0:0:0:0:0:1','Mozilla/5.0 (Windows NT 10.0; Win64; x64) AppleWebKit/537.36 (KHTML, like Gecko) Chrome/73.0.3683.86','2019-04-30 18:43:53',-1,-1,'2019-04-30 18:43:53'),

(110,1,'0:0:0:0:0:0:0:1','Mozilla/5.0 (Windows NT 10.0; Win64; x64) AppleWebKit/537.36 (KHTML, like Gecko) Chrome/73.0.3683.86','2019-04-30 18:44:10',-1,-1,'2019-04-30 18:44:10'),

(111,1,'0:0:0:0:0:0:0:1','Mozilla/5.0 (Windows NT 10.0; Win64; x64) AppleWebKit/537.36 (KHTML, like Gecko) Chrome/73.0.3683.86','2019-04-30 18:45:15',-1,-1,'2019-04-30 18:45:15'),

(112,1,'0:0:0:0:0:0:0:1','Mozilla/5.0 (Windows NT 10.0; Win64; x64) AppleWebKit/537.36 (KHTML, like Gecko) Chrome/73.0.3683.86','2019-04-30 18:47:04',-1,-1,'2019-04-30 18:47:04'),

(113,5,'0:0:0:0:0:0:0:1','Mozilla/5.0 (Windows NT 10.0; Win64; x64) AppleWebKit/537.36 (KHTML, like Gecko) Chrome/73.0.3683.86','2019-04-30 18:47:16',-1,-1,'2019-04-30 18:47:16'),

(114,1,'0:0:0:0:0:0:0:1','Mozilla/5.0 (Windows NT 10.0; Win64; x64) AppleWebKit/537.36 (KHTML, like Gecko) Chrome/73.0.3683.86','2019-04-30 18:47:24',-1,-1,'2019-04-30 18:47:24'),

(115,1,'0:0:0:0:0:0:0:1','Mozilla/5.0 (Windows NT 10.0; Win64; x64) AppleWebKit/537.36 (KHTML, like Gecko) Chrome/73.0.3683.86','2019-04-30 19:58:16',-1,-1,'2019-04-30 19:58:16'),

(116,1,'0:0:0:0:0:0:0:1','Mozilla/5.0 (Windows NT 10.0; Win64; x64) AppleWebKit/537.36 (KHTML, like Gecko) Chrome/73.0.3683.86','2019-05-05 15:01:44',-1,-1,'2019-05-05 15:01:44'),

(117,1,'0:0:0:0:0:0:0:1','Mozilla/5.0 (Windows NT 10.0; Win64; x64) AppleWebKit/537.36 (KHTML, like Gecko) Chrome/73.0.3683.86','2019-05-05 15:55:42',-1,-1,'2019-05-05 15:55:42'),

(118,1,'0:0:0:0:0:0:0:1','Mozilla/5.0 (Windows NT 10.0; Win64; x64) AppleWebKit/537.36 (KHTML, like Gecko) Chrome/73.0.3683.86','2019-05-05 17:05:35',-1,-1,'2019-05-05 17:05:35'),

(119,1,'0:0:0:0:0:0:0:1','Mozilla/5.0 (Windows NT 10.0; Win64; x64) AppleWebKit/537.36 (KHTML, like Gecko) Chrome/73.0.3683.86','2019-05-05 17:07:51',-1,-1,'2019-05-05 17:07:51'),

(120,1,'0:0:0:0:0:0:0:1','Mozilla/5.0 (Windows NT 10.0; Win64; x64) AppleWebKit/537.36 (KHTML, like Gecko) Chrome/73.0.3683.86','2019-05-05 17:09:41',-1,-1,'2019-05-05 17:09:41'),

(121,1,'0:0:0:0:0:0:0:1','Mozilla/5.0 (Windows NT 10.0; Win64; x64) AppleWebKit/537.36 (KHTML, like Gecko) Chrome/73.0.3683.86','2019-05-05 17:10:34',-1,-1,'2019-05-05 17:10:34'),

(122,1,'0:0:0:0:0:0:0:1','Mozilla/5.0 (Windows NT 10.0; Win64; x64) AppleWebKit/537.36 (KHTML, like Gecko) Chrome/73.0.3683.86','2019-05-05 17:12:19',-1,-1,'2019-05-05 17:12:19'),

(123,1,'0:0:0:0:0:0:0:1','Mozilla/5.0 (Windows NT 10.0; Win64; x64) AppleWebKit/537.36 (KHTML, like Gecko) Chrome/73.0.3683.86','2019-05-05 17:12:58',-1,-1,'2019-05-05 17:12:58'),

(124,1,'0:0:0:0:0:0:0:1','Mozilla/5.0 (Windows NT 10.0; Win64; x64) AppleWebKit/537.36 (KHTML, like Gecko) Chrome/73.0.3683.86','2019-05-05 17:40:27',-1,-1,'2019-05-05 17:40:27'),

(125,1,'0:0:0:0:0:0:0:1','Mozilla/5.0 (Windows NT 10.0; Win64; x64) AppleWebKit/537.36 (KHTML, like Gecko) Chrome/73.0.3683.86','2019-05-05 17:59:08',-1,-1,'2019-05-05 17:59:08'),

(126,1,'0:0:0:0:0:0:0:1','Mozilla/5.0 (Windows NT 10.0; Win64; x64) AppleWebKit/537.36 (KHTML, like Gecko) Chrome/73.0.3683.86','2019-05-05 18:18:50',-1,-1,'2019-05-05 18:18:50'),

(127,1,'0:0:0:0:0:0:0:1','Mozilla/5.0 (Windows NT 10.0; Win64; x64) AppleWebKit/537.36 (KHTML, like Gecko) Chrome/73.0.3683.86','2019-05-05 18:28:57',-1,-1,'2019-05-05 18:28:57'),

(128,1,'0:0:0:0:0:0:0:1','Mozilla/5.0 (Windows NT 10.0; Win64; x64) AppleWebKit/537.36 (KHTML, like Gecko) Chrome/73.0.3683.86','2019-05-05 18:33:48',-1,-1,'2019-05-05 18:33:48'),

(129,1,'0:0:0:0:0:0:0:1','Mozilla/5.0 (Windows NT 10.0; Win64; x64) AppleWebKit/537.36 (KHTML, like Gecko) Chrome/73.0.3683.86','2019-05-06 11:25:14',-1,-1,'2019-05-06 11:25:14'),

(130,1,'0:0:0:0:0:0:0:1','Mozilla/5.0 (Windows NT 10.0; Win64; x64) AppleWebKit/537.36 (KHTML, like Gecko) Chrome/73.0.3683.86','2019-05-06 11:45:30',-1,-1,'2019-05-06 11:45:30'),

(131,1,'0:0:0:0:0:0:0:1','Mozilla/5.0 (Windows NT 10.0; Win64; x64) AppleWebKit/537.36 (KHTML, like Gecko) Chrome/73.0.3683.86','2019-05-06 13:33:44',-1,-1,'2019-05-06 13:33:44'),

(132,1,'0:0:0:0:0:0:0:1','Mozilla/5.0 (Windows NT 10.0; Win64; x64) AppleWebKit/537.36 (KHTML, like Gecko) Chrome/73.0.3683.86','2019-05-06 13:57:21',-1,-1,'2019-05-06 13:57:21'),

(133,1,'0:0:0:0:0:0:0:1','Mozilla/5.0 (Windows NT 10.0; Win64; x64) AppleWebKit/537.36 (KHTML, like Gecko) Chrome/73.0.3683.86','2019-05-06 17:38:25',-1,-1,'2019-05-06 17:38:25'),

(134,1,'0:0:0:0:0:0:0:1','Mozilla/5.0 (Windows NT 10.0; Win64; x64) AppleWebKit/537.36 (KHTML, like Gecko) Chrome/73.0.3683.86','2019-05-06 17:44:30',-1,-1,'2019-05-06 17:44:30'),

(135,1,'0:0:0:0:0:0:0:1','Mozilla/5.0 (Windows NT 10.0; Win64; x64) AppleWebKit/537.36 (KHTML, like Gecko) Chrome/73.0.3683.86','2019-05-08 11:42:47',-1,-1,'2019-05-08 11:42:47'),

(136,1,'0:0:0:0:0:0:0:1','Mozilla/5.0 (Windows NT 10.0; Win64; x64) AppleWebKit/537.36 (KHTML, like Gecko) Chrome/73.0.3683.86','2019-05-08 16:35:10',-1,-1,'2019-05-08 16:35:10'),

(137,1,'0:0:0:0:0:0:0:1','Mozilla/5.0 (Windows NT 10.0; Win64; x64) AppleWebKit/537.36 (KHTML, like Gecko) Chrome/73.0.3683.86','2019-05-08 16:43:20',-1,-1,'2019-05-08 16:43:20'),

(138,1,'0:0:0:0:0:0:0:1','Mozilla/5.0 (Windows NT 10.0; Win64; x64) AppleWebKit/537.36 (KHTML, like Gecko) Chrome/73.0.3683.86','2019-05-08 16:45:44',-1,-1,'2019-05-08 16:45:44'),

(139,1,'0:0:0:0:0:0:0:1','Mozilla/5.0 (Windows NT 10.0; Win64; x64) AppleWebKit/537.36 (KHTML, like Gecko) Chrome/73.0.3683.86','2019-05-08 17:17:45',-1,-1,'2019-05-08 17:17:45'),

(140,1,'0:0:0:0:0:0:0:1','Mozilla/5.0 (Windows NT 10.0; Win64; x64) AppleWebKit/537.36 (KHTML, like Gecko) Chrome/73.0.3683.86','2019-05-08 17:22:10',-1,-1,'2019-05-08 17:22:10'),

(141,1,'0:0:0:0:0:0:0:1','Mozilla/5.0 (Windows NT 10.0; Win64; x64) AppleWebKit/537.36 (KHTML, like Gecko) Chrome/73.0.3683.86','2019-05-08 17:24:40',-1,-1,'2019-05-08 17:24:40'),

(142,1,'0:0:0:0:0:0:0:1','Mozilla/5.0 (Windows NT 10.0; Win64; x64) AppleWebKit/537.36 (KHTML, like Gecko) Chrome/73.0.3683.86','2019-05-08 17:30:16',-1,-1,'2019-05-08 17:30:16'),

(143,1,'0:0:0:0:0:0:0:1','Mozilla/5.0 (Windows NT 10.0; Win64; x64) AppleWebKit/537.36 (KHTML, like Gecko) Chrome/73.0.3683.86','2019-05-09 10:12:13',-1,-1,'2019-05-09 10:12:13'),

(144,1,'0:0:0:0:0:0:0:1','Mozilla/5.0 (Windows NT 10.0; Win64; x64) AppleWebKit/537.36 (KHTML, like Gecko) Chrome/73.0.3683.86','2019-05-09 10:20:26',-1,-1,'2019-05-09 10:20:26'),

(145,1,'0:0:0:0:0:0:0:1','Mozilla/5.0 (Windows NT 10.0; Win64; x64) AppleWebKit/537.36 (KHTML, like Gecko) Chrome/73.0.3683.86','2019-05-09 15:16:03',-1,-1,'2019-05-09 15:16:03'),

(146,1,'0:0:0:0:0:0:0:1','Mozilla/5.0 (Windows NT 10.0; Win64; x64) AppleWebKit/537.36 (KHTML, like Gecko) Chrome/73.0.3683.86','2019-05-09 15:20:12',-1,-1,'2019-05-09 15:20:12'),

(147,1,'0:0:0:0:0:0:0:1','Mozilla/5.0 (Windows NT 10.0; Win64; x64) AppleWebKit/537.36 (KHTML, like Gecko) Chrome/73.0.3683.86','2019-05-09 15:22:40',-1,-1,'2019-05-09 15:22:40'),

(148,1,'0:0:0:0:0:0:0:1','Mozilla/5.0 (Windows NT 10.0; Win64; x64) AppleWebKit/537.36 (KHTML, like Gecko) Chrome/73.0.3683.86','2019-05-09 16:02:18',-1,-1,'2019-05-09 16:02:18'),

(149,1,'0:0:0:0:0:0:0:1','Mozilla/5.0 (Windows NT 10.0; Win64; x64) AppleWebKit/537.36 (KHTML, like Gecko) Chrome/73.0.3683.86','2019-05-09 16:03:44',-1,-1,'2019-05-09 16:03:44'),

(150,1,'0:0:0:0:0:0:0:1','Mozilla/5.0 (Windows NT 10.0; Win64; x64) AppleWebKit/537.36 (KHTML, like Gecko) Chrome/73.0.3683.86','2019-05-09 16:13:38',-1,-1,'2019-05-09 16:13:38'),

(151,1,'0:0:0:0:0:0:0:1','Mozilla/5.0 (Windows NT 10.0; Win64; x64) AppleWebKit/537.36 (KHTML, like Gecko) Chrome/73.0.3683.86','2019-05-09 18:42:09',-1,-1,'2019-05-09 18:42:09'),

(152,1,'0:0:0:0:0:0:0:1','Mozilla/5.0 (Windows NT 10.0; Win64; x64) AppleWebKit/537.36 (KHTML, like Gecko) Chrome/73.0.3683.86','2019-05-09 19:14:59',-1,-1,'2019-05-09 19:14:59'),

(153,1,'0:0:0:0:0:0:0:1','Mozilla/5.0 (Windows NT 10.0; Win64; x64) AppleWebKit/537.36 (KHTML, like Gecko) Chrome/73.0.3683.86','2019-05-09 19:20:23',-1,-1,'2019-05-09 19:20:23'),

(154,1,'0:0:0:0:0:0:0:1','Mozilla/5.0 (Windows NT 10.0; Win64; x64) AppleWebKit/537.36 (KHTML, like Gecko) Chrome/73.0.3683.86','2019-05-10 12:21:28',-1,-1,'2019-05-10 12:21:28'),

(155,1,'0:0:0:0:0:0:0:1','Mozilla/5.0 (Windows NT 10.0; Win64; x64) AppleWebKit/537.36 (KHTML, like Gecko) Chrome/73.0.3683.86','2019-05-10 13:50:23',-1,-1,'2019-05-10 13:50:23');

/*Data for the table `tes_manager` */

INSERT  INTO `tes_manager`(`id`,`user_id`,`target_id`,`type`,`status`,`is_del`,`update_time`,`update_user_id`,`create_user_id`,`create_time`) VALUES

(1,1,1,3,1,1,'2018-12-19 14:39:16',1,1,'2018-12-19 14:39:16'),

(2,1,12,2,1,1,'2018-12-19 15:00:10',1,1,'2018-12-19 15:00:10'),

(3,1,1,1,1,1,'2018-12-19 15:00:32',1,1,'2018-12-19 15:00:32'),

(4,2,12,2,1,1,'2018-12-22 11:06:14',1,1,'2018-12-22 11:06:14'),

(5,3,12,2,1,1,'2018-12-22 11:06:14',1,1,'2018-12-22 11:06:14'),

(6,3,1,1,1,1,'2018-12-22 11:06:37',1,1,'2018-12-22 11:06:37'),

(7,2,1,1,1,1,'2018-12-22 11:06:38',1,1,'2018-12-22 11:06:38'),

(8,3,2,1,1,1,'2018-12-22 11:06:45',1,1,'2018-12-22 11:06:45'),

(9,2,2,1,1,1,'2018-12-22 11:06:45',1,1,'2018-12-22 11:06:45'),

(10,3,1,3,1,1,'2018-12-22 11:06:55',1,1,'2018-12-22 11:06:55'),

(11,2,1,3,1,1,'2018-12-22 11:06:55',1,1,'2018-12-22 11:06:55');

/*Data for the table `tes_multi` */

INSERT  INTO `tes_multi`(`id`,`title`,`answer`,`content`,`extra_info`,`bank_id`,`branch_id`,`department_id`,`station_id`,`owner_id`,`public_flag`,`status`,`attr_1`,`attr_2`,`attr_3`,`attr_4`,`attr_5`,`is_del`,`create_user_id`,`create_time`,`update_user_id`,`update_time`) VALUES

(1,'题干1','AB','[\n	\"A 第一个选项\",\n	\"B 第二个选项\",\n	\"C 第三个选项\",\n	\"D 第四个选项\",\n	\"E 第五个选项\"\n]','备注信息1',4,1,1,1,-1,1,1,1,1,1,1,1,1,1,'2018-12-21 11:29:30',1,'2018-12-21 11:29:30'),

(2,'题干2','B','[\n	\"A 第一个选项\",\n	\"B 第二个选项\",\n	\"C 第三个选项\",\n	\"D 第四个选项\",\n	\"E 第五个选项\"\n]','备注信息2',4,1,1,1,-1,1,1,1,1,1,1,1,1,1,'2018-12-21 11:29:30',1,'2018-12-21 11:29:30'),

(3,'题干3','CD','[\n	\"A 第一个选项\",\n	\"B 第二个选项\",\n	\"C 第三个选项\",\n	\"D 第四个选项\",\n	\"E 第五个选项\"\n]','备注信息3',4,1,1,1,-1,1,1,1,1,1,1,1,1,1,'2018-12-21 11:29:30',1,'2018-12-21 11:29:30'),

(4,'题干4','DE','[\n	\"A 第一个选项\",\n	\"B 第二个选项\",\n	\"C 第三个选项\",\n	\"D 第四个选项\",\n	\"E 第五个选项\"\n]','备注信息4',4,1,1,1,-1,1,1,1,1,1,1,1,1,1,'2018-12-21 11:29:30',1,'2018-12-21 11:29:30'),

(5,'题干5','E','[\n	\"A 第一个选项\",\n	\"B 第二个选项\",\n	\"C 第三个选项\",\n	\"D 第四个选项\",\n	\"E 第五个选项\"\n]','备注信息5',4,1,1,1,-1,1,1,1,1,1,1,1,1,1,'2018-12-21 11:29:30',1,'2018-12-21 11:29:30'),

(6,'题干6','ABC','[\n	\"A 第一个选项\",\n	\"B 第二个选项\",\n	\"C 第三个选项\",\n	\"D 第四个选项\",\n	\"E 第五个选项\"\n]','备注信息6',4,1,1,1,-1,1,1,1,1,1,1,1,1,1,'2018-12-21 11:29:30',1,'2018-12-21 11:29:30'),

(7,'题干7','BD','[\n	\"A 第一个选项\",\n	\"B 第二个选项\",\n	\"C 第三个选项\",\n	\"D 第四个选项\",\n	\"E 第五个选项\"\n]','备注信息7',4,1,1,1,-1,1,1,1,1,1,1,1,1,1,'2018-12-21 11:29:30',1,'2018-12-21 11:29:30'),

(8,'题干8','CE','[\n	\"A 第一个选项\",\n	\"B 第二个选项\",\n	\"C 第三个选项\",\n	\"D 第四个选项\",\n	\"E 第五个选项\"\n]','备注信息8',4,1,1,1,-1,1,1,1,1,1,1,1,1,1,'2018-12-21 11:29:30',1,'2018-12-21 11:29:30'),

(9,'题干9','ABCD','[\n	\"A 第一个选项\",\n	\"B 第二个选项\",\n	\"C 第三个选项\",\n	\"D 第四个选项\",\n	\"E 第五个选项\"\n]','备注信息9',4,1,1,1,-1,1,1,1,1,1,1,1,1,1,'2018-12-21 11:29:30',1,'2018-12-21 11:29:30'),

(10,'题干10','ABCDE','[\n	\"A 第一个选项\",\n	\"B 第二个选项\",\n	\"C 第三个选项\",\n	\"D 第四个选项\",\n	\"E 第五个选项\"\n]','备注信息10',4,1,1,1,-1,1,1,1,1,1,1,1,1,1,'2018-12-21 11:29:30',1,'2018-12-21 11:29:30'),

(11,'题干11','ACE','[\n	\"A 第一个选项\",\n	\"B 第二个选项\",\n	\"C 第三个选项\",\n	\"D 第四个选项\",\n	\"E 第五个选项\"\n]','备注信息11',4,1,1,1,-1,1,1,1,1,1,1,1,1,1,'2018-12-21 11:29:30',1,'2018-12-21 11:29:30'),

(12,'题干12','CDE','[\n	\"A 第一个选项\",\n	\"B 第二个选项\",\n	\"C 第三个选项\",\n	\"D 第四个选项\",\n	\"E 第五个选项\"\n]','备注信息12',4,1,1,1,-1,1,1,1,1,1,1,1,1,1,'2018-12-21 11:29:30',1,'2018-12-21 11:29:30'),

(13,'题干13','AB','[\n	\"A 第一个选项\",\n	\"B 第二个选项\",\n	\"C 第三个选项\",\n	\"D 第四个选项\",\n	\"E 第五个选项\"\n]','备注信息13',4,1,1,1,-1,1,1,1,1,1,1,1,1,1,'2018-12-21 11:29:30',1,'2018-12-21 11:29:30'),

(14,'题干14','B','[\n	\"A 第一个选项\",\n	\"B 第二个选项\",\n	\"C 第三个选项\",\n	\"D 第四个选项\",\n	\"E 第五个选项\"\n]','备注信息14',4,1,1,1,-1,1,1,1,1,1,1,1,1,1,'2018-12-21 11:29:30',1,'2018-12-21 11:29:30'),

(15,'题干15','CD','[\n	\"A 第一个选项\",\n	\"B 第二个选项\",\n	\"C 第三个选项\",\n	\"D 第四个选项\",\n	\"E 第五个选项\"\n]','备注信息15',4,1,1,1,-1,1,1,1,1,1,1,1,1,1,'2018-12-21 11:29:30',1,'2018-12-21 11:29:30'),

(16,'题干16','DE','[\n	\"A 第一个选项\",\n	\"B 第二个选项\",\n	\"C 第三个选项\",\n	\"D 第四个选项\",\n	\"E 第五个选项\"\n]','备注信息16',4,1,1,1,-1,1,1,1,1,1,1,1,1,1,'2018-12-21 11:29:30',1,'2018-12-21 11:29:30'),

(17,'题干17','E','[\n	\"A 第一个选项\",\n	\"B 第二个选项\",\n	\"C 第三个选项\",\n	\"D 第四个选项\",\n	\"E 第五个选项\"\n]','备注信息17',4,1,1,1,-1,1,1,1,1,1,1,1,1,1,'2018-12-21 11:29:30',1,'2018-12-21 11:29:30'),

(18,'题干18','ABC','[\n	\"A 第一个选项\",\n	\"B 第二个选项\",\n	\"C 第三个选项\",\n	\"D 第四个选项\",\n	\"E 第五个选项\"\n]','备注信息18',4,1,1,1,-1,1,1,1,1,1,1,1,1,1,'2018-12-21 11:29:30',1,'2018-12-21 11:29:30'),

(19,'题干19','BD','[\n	\"A 第一个选项\",\n	\"B 第二个选项\",\n	\"C 第三个选项\",\n	\"D 第四个选项\",\n	\"E 第五个选项\"\n]','备注信息19',4,1,1,1,-1,1,1,1,1,1,1,1,1,1,'2018-12-21 11:29:30',1,'2018-12-21 11:29:30'),

(20,'题干20','CE','[\n	\"A 第一个选项\",\n	\"B 第二个选项\",\n	\"C 第三个选项\",\n	\"D 第四个选项\",\n	\"E 第五个选项\"\n]','备注信息20',4,1,1,1,-1,1,1,1,1,1,1,1,1,1,'2018-12-21 11:29:30',1,'2018-12-21 11:29:30'),

(21,'题干21','ABCD','[\n	\"A 第一个选项\",\n	\"B 第二个选项\",\n	\"C 第三个选项\",\n	\"D 第四个选项\",\n	\"E 第五个选项\"\n]','备注信息21',4,1,1,1,-1,1,1,1,1,1,1,1,1,1,'2018-12-21 11:29:30',1,'2018-12-21 11:29:30'),

(22,'题干22','ABCDE','[\n	\"A 第一个选项\",\n	\"B 第二个选项\",\n	\"C 第三个选项\",\n	\"D 第四个选项\",\n	\"E 第五个选项\"\n]','备注信息22',4,1,1,1,-1,1,1,1,1,1,1,1,1,1,'2018-12-21 11:29:30',1,'2018-12-21 11:29:30'),

(23,'题干23','ACE','[\n	\"A 第一个选项\",\n	\"B 第二个选项\",\n	\"C 第三个选项\",\n	\"D 第四个选项\",\n	\"E 第五个选项\"\n]','备注信息23',4,1,1,1,-1,1,1,1,1,1,1,1,1,1,'2018-12-21 11:29:30',1,'2018-12-21 11:29:30'),

(24,'题干24','CDE','[\n	\"A 第一个选项\",\n	\"B 第二个选项\",\n	\"C 第三个选项\",\n	\"D 第四个选项\",\n	\"E 第五个选项\"\n]','备注信息24',4,1,1,1,-1,1,1,1,1,1,1,1,1,1,'2018-12-21 11:29:30',1,'2018-12-21 11:29:30'),

(25,'题干25','AB','[\n	\"A 第一个选项\",\n	\"B 第二个选项\",\n	\"C 第三个选项\",\n	\"D 第四个选项\",\n	\"E 第五个选项\"\n]','备注信息25',4,1,1,1,-1,1,1,1,1,1,1,1,1,1,'2018-12-21 11:29:30',1,'2018-12-21 11:29:30'),

(26,'题干26','B','[\n	\"A 第一个选项\",\n	\"B 第二个选项\",\n	\"C 第三个选项\",\n	\"D 第四个选项\",\n	\"E 第五个选项\"\n]','备注信息26',4,1,1,1,-1,1,1,1,1,1,1,1,1,1,'2018-12-21 11:29:30',1,'2018-12-21 11:29:30'),

(27,'题干27','CD','[\n	\"A 第一个选项\",\n	\"B 第二个选项\",\n	\"C 第三个选项\",\n	\"D 第四个选项\",\n	\"E 第五个选项\"\n]','备注信息27',4,1,1,1,-1,1,1,1,1,1,1,1,1,1,'2018-12-21 11:29:30',1,'2018-12-21 11:29:30'),

(28,'题干28','DE','[\n	\"A 第一个选项\",\n	\"B 第二个选项\",\n	\"C 第三个选项\",\n	\"D 第四个选项\",\n	\"E 第五个选项\"\n]','备注信息28',4,1,1,1,-1,1,1,1,1,1,1,1,1,1,'2018-12-21 11:29:30',1,'2018-12-21 11:29:30'),

(29,'题干29','E','[\n	\"A 第一个选项\",\n	\"B 第二个选项\",\n	\"C 第三个选项\",\n	\"D 第四个选项\",\n	\"E 第五个选项\"\n]','备注信息29',4,1,1,1,-1,1,1,1,1,1,1,1,1,1,'2018-12-21 11:29:30',1,'2018-12-21 11:29:30'),

(30,'题干30','ABC','[\n	\"A 第一个选项\",\n	\"B 第二个选项\",\n	\"C 第三个选项\",\n	\"D 第四个选项\",\n	\"E 第五个选项\"\n]','备注信息30',4,1,1,1,-1,1,1,1,1,1,1,1,1,1,'2018-12-21 11:29:30',1,'2018-12-21 11:29:30'),

(31,'题干31','BD','[\n	\"A 第一个选项\",\n	\"B 第二个选项\",\n	\"C 第三个选项\",\n	\"D 第四个选项\",\n	\"E 第五个选项\"\n]','备注信息31',4,1,1,1,-1,1,1,1,1,1,1,1,1,1,'2018-12-21 11:29:30',1,'2018-12-21 11:29:30'),

(32,'题干32','CE','[\n	\"A 第一个选项\",\n	\"B 第二个选项\",\n	\"C 第三个选项\",\n	\"D 第四个选项\",\n	\"E 第五个选项\"\n]','备注信息32',4,1,1,1,-1,1,1,1,1,1,1,1,1,1,'2018-12-21 11:29:30',1,'2018-12-21 11:29:30'),

(33,'题干33','ABCD','[\n	\"A 第一个选项\",\n	\"B 第二个选项\",\n	\"C 第三个选项\",\n	\"D 第四个选项\",\n	\"E 第五个选项\"\n]','备注信息33',4,1,1,1,-1,1,1,1,1,1,1,1,1,1,'2018-12-21 11:29:30',1,'2018-12-21 11:29:30'),

(34,'题干34','ABCDE','[\n	\"A 第一个选项\",\n	\"B 第二个选项\",\n	\"C 第三个选项\",\n	\"D 第四个选项\",\n	\"E 第五个选项\"\n]','备注信息34',4,1,1,1,-1,1,1,1,1,1,1,1,1,1,'2018-12-21 11:29:30',1,'2018-12-21 11:29:30'),

(35,'题干35','ACE','[\n	\"A 第一个选项\",\n	\"B 第二个选项\",\n	\"C 第三个选项\",\n	\"D 第四个选项\",\n	\"E 第五个选项\"\n]','备注信息35',4,1,1,1,-1,1,1,1,1,1,1,1,1,1,'2018-12-21 11:29:30',1,'2018-12-21 11:29:30'),

(36,'题干36','CDE','[\n	\"A 第一个选项\",\n	\"B 第二个选项\",\n	\"C 第三个选项\",\n	\"D 第四个选项\",\n	\"E 第五个选项\"\n]','备注信息36',4,1,1,1,-1,1,1,1,1,1,1,1,1,1,'2018-12-21 11:29:30',1,'2018-12-21 11:29:30'),

(37,'题干37','AB','[\n	\"A 第一个选项\",\n	\"B 第二个选项\",\n	\"C 第三个选项\",\n	\"D 第四个选项\",\n	\"E 第五个选项\"\n]','备注信息37',4,1,1,1,-1,1,1,1,1,1,1,1,1,1,'2018-12-21 11:29:30',1,'2018-12-21 11:29:30'),

(38,'题干38','B','[\n	\"A 第一个选项\",\n	\"B 第二个选项\",\n	\"C 第三个选项\",\n	\"D 第四个选项\",\n	\"E 第五个选项\"\n]','备注信息38',4,1,1,1,-1,1,1,1,1,1,1,1,1,1,'2018-12-21 11:29:30',1,'2018-12-21 11:29:30'),

(39,'题干39','CD','[\n	\"A 第一个选项\",\n	\"B 第二个选项\",\n	\"C 第三个选项\",\n	\"D 第四个选项\",\n	\"E 第五个选项\"\n]','备注信息39',4,1,1,1,-1,1,1,1,1,1,1,1,1,1,'2018-12-21 11:29:30',1,'2018-12-21 11:29:30'),

(40,'题干40','DE','[\n	\"A 第一个选项\",\n	\"B 第二个选项\",\n	\"C 第三个选项\",\n	\"D 第四个选项\",\n	\"E 第五个选项\"\n]','备注信息40',4,1,1,1,-1,1,1,1,1,1,1,1,1,1,'2018-12-21 11:29:30',1,'2018-12-21 11:29:30'),

(41,'题干41','E','[\n	\"A 第一个选项\",\n	\"B 第二个选项\",\n	\"C 第三个选项\",\n	\"D 第四个选项\",\n	\"E 第五个选项\"\n]','备注信息41',4,1,1,1,-1,1,1,1,1,1,1,1,1,1,'2018-12-21 11:29:30',1,'2018-12-21 11:29:30'),

(42,'题干42','ABC','[\n	\"A 第一个选项\",\n	\"B 第二个选项\",\n	\"C 第三个选项\",\n	\"D 第四个选项\",\n	\"E 第五个选项\"\n]','备注信息42',4,1,1,1,-1,1,1,1,1,1,1,1,1,1,'2018-12-21 11:29:30',1,'2018-12-21 11:29:30'),

(43,'题干43','BD','[\n	\"A 第一个选项\",\n	\"B 第二个选项\",\n	\"C 第三个选项\",\n	\"D 第四个选项\",\n	\"E 第五个选项\"\n]','备注信息43',4,1,1,1,-1,1,1,1,1,1,1,1,1,1,'2018-12-21 11:29:30',1,'2018-12-21 11:29:30'),

(44,'题干44','CE','[\n	\"A 第一个选项\",\n	\"B 第二个选项\",\n	\"C 第三个选项\",\n	\"D 第四个选项\",\n	\"E 第五个选项\"\n]','备注信息44',4,1,1,1,-1,1,1,1,1,1,1,1,1,1,'2018-12-21 11:29:30',1,'2018-12-21 11:29:30'),

(45,'题干45','ABCD','[\n	\"A 第一个选项\",\n	\"B 第二个选项\",\n	\"C 第三个选项\",\n	\"D 第四个选项\",\n	\"E 第五个选项\"\n]','备注信息45',4,1,1,1,-1,1,1,1,1,1,1,1,1,1,'2018-12-21 11:29:30',1,'2018-12-21 11:29:30'),

(46,'题干46','ABCDE','[\n	\"A 第一个选项\",\n	\"B 第二个选项\",\n	\"C 第三个选项\",\n	\"D 第四个选项\",\n	\"E 第五个选项\"\n]','备注信息46',4,1,1,1,-1,1,1,1,1,1,1,1,1,1,'2018-12-21 11:29:30',1,'2018-12-21 11:29:30'),

(47,'题干47','ACE','[\n	\"A 第一个选项\",\n	\"B 第二个选项\",\n	\"C 第三个选项\",\n	\"D 第四个选项\",\n	\"E 第五个选项\"\n]','备注信息47',4,1,1,1,-1,1,1,1,1,1,1,1,1,1,'2018-12-21 11:29:30',1,'2018-12-21 11:29:30'),

(48,'题干48','CDE','[\n	\"A 第一个选项\",\n	\"B 第二个选项\",\n	\"C 第三个选项\",\n	\"D 第四个选项\",\n	\"E 第五个选项\"\n]','备注信息48',4,1,1,1,-1,1,1,1,1,1,1,1,1,1,'2018-12-21 11:29:30',1,'2018-12-21 11:29:30'),

(49,'题干49','AB','[\n	\"A 第一个选项\",\n	\"B 第二个选项\",\n	\"C 第三个选项\",\n	\"D 第四个选项\",\n	\"E 第五个选项\"\n]','备注信息49',4,1,1,1,-1,1,1,1,1,1,1,1,1,1,'2018-12-21 11:29:30',1,'2018-12-21 11:29:30'),

(50,'题干50','B','[\n	\"A 第一个选项\",\n	\"B 第二个选项\",\n	\"C 第三个选项\",\n	\"D 第四个选项\",\n	\"E 第五个选项\"\n]','备注信息50',4,1,1,1,-1,1,1,1,1,1,1,1,1,1,'2018-12-21 11:29:30',1,'2018-12-21 11:29:30');

/*Data for the table `tes_permission` */

INSERT  INTO `tes_permission`(`id`,`superior_id`,`code`,`name`,`url`,`controller`,`action`,`http_method`,`status`,`no`,`memo`,`type`,`is_del`,`create_user_id`,`create_time`,`update_user_id`,`update_time`) VALUES

(1,0,'base','基础信息','base','','','',1,1,'1',1,1,1,'2019-04-30 10:48:00',1,'2019-05-05 17:54:06'),

(2,1,'role','角色','/role','','','',1,1,'',2,1,1,'2019-04-30 10:49:21',1,'2019-04-30 10:49:21'),

(3,1,'permission','权限','/permission','','','',1,2,'',2,1,1,'2019-04-30 10:51:31',1,'2019-04-30 10:51:31'),

(4,1,'branch','机构','/branch','','','',1,4,'',2,1,1,'2019-04-30 10:52:25',1,'2019-04-30 10:52:25'),

(5,1,'department','部门','/department','','','',1,6,'',2,1,1,'2019-04-30 10:52:52',1,'2019-04-30 10:52:52'),

(6,1,'station','岗位','/station','','','',1,7,'',2,1,1,'2019-04-30 10:53:19',1,'2019-04-30 10:53:19'),

(7,1,'user','用户','/user','','','',1,8,'',2,1,1,'2019-04-30 10:53:35',1,'2019-04-30 10:53:35'),

(8,1,'changePass','修改密码','/user/changePass','','','',1,9,'',2,1,1,'2019-04-30 10:54:05',1,'2019-04-30 10:54:05'),

(9,0,'question','试题管理','question','','','',1,2,'',1,1,1,'2019-04-30 10:55:02',1,'2019-04-30 10:55:02'),

(10,9,'bank','题库管理','/questionBank','','','',1,1,'',2,1,1,'2019-04-30 13:48:20',1,'2019-04-30 13:48:20'),

(11,9,'single','单选题','/single','','','',1,2,'',2,1,1,'2019-04-30 13:48:53',1,'2019-04-30 13:48:53'),

(12,9,'multi','多选题','/multi','','','',1,3,'',2,1,1,'2019-04-30 13:48:58',1,'2019-04-30 13:48:58'),

(13,9,'judge','判断题','/judge','','','',1,4,'',2,1,1,'2019-04-30 13:50:07',1,'2019-04-30 13:50:07'),

(14,0,'practise','练习乐园','practise','','','',1,3,'',1,1,1,'2019-04-30 13:51:23',1,'2019-04-30 13:51:37'),

(15,14,'receipt','翻打凭条','/practise','','','',1,1,'',2,1,1,'2019-04-30 13:52:17',1,'2019-04-30 13:52:17'),

(16,14,'practiseList','练习轨迹','/practise/list','','','',1,2,'',2,1,1,'2019-04-30 13:52:50',1,'2019-04-30 13:52:50'),

(17,0,'exam','考试管理','exam','','','',1,4,'',1,1,1,'2019-04-30 13:53:13',1,'2019-04-30 13:53:13'),

(18,17,'fastOpen','快速开场','/scene/open','','','',1,1,'',2,1,1,'2019-04-30 13:53:57',1,'2019-04-30 13:53:57'),

(19,17,'exam','考试','/exam','','','',1,2,'',2,1,1,'2019-04-30 14:07:04',1,'2019-04-30 14:07:04'),

(20,17,'myJoin','我参加的','/scene/myJoin','','','',1,3,'',2,1,1,'2019-04-30 14:07:06',1,'2019-04-30 14:07:06'),

(21,17,'myOpen','我开场的','/scene/myOpen','','','',1,4,'',2,1,1,'2019-04-30 14:07:35',1,'2019-04-30 14:07:35'),

(22,17,'paper','成绩查询','/paper','','','',1,5,'',2,1,1,'2019-04-30 14:08:31',1,'2019-04-30 14:08:31'),

(23,17,'paperPolicy','试卷策略','/paperPolicy','','','',1,6,'',2,1,1,'2019-04-30 14:09:13',1,'2019-04-30 14:09:13'),

(24,1,'branchManager','机构管理','/branch/manage','','','',1,5,'1',2,1,1,'2019-04-30 14:38:54',1,'2019-04-30 14:38:54'),

(25,1,'permissionManager','权限管理','/permission/manage','','','',1,3,'',2,1,1,'2019-04-30 14:40:47',1,'2019-04-30 14:40:47'),

(26,17,'sceneList','场次列表','/scene/list','','','',2,7,'',2,1,1,'2019-04-30 14:43:03',1,'2019-04-30 14:43:03'),

(27,17,'sceneOpen','开场的','/scene/open','','','',2,8,'',2,1,1,'2019-04-30 14:43:33',1,'2019-04-30 14:43:33'),

(28,17,'exam','考试','/exam','','','',2,9,'',2,1,1,'2019-04-30 14:44:47',1,'2019-04-30 14:44:47'),

(29,17,'examEntrance','验证码','/exam/entrance','','','',2,10,'',2,1,1,'2019-04-30 15:02:25',1,'2019-04-30 15:02:25'),

(30,17,'examNotice','入场须知','/exam/notice','','','',2,11,'',2,1,1,'2019-04-30 15:02:34',1,'2019-04-30 15:02:34'),

(31,17,'examMain','考试主页','/exam/main','','','',2,12,'',2,1,1,'2019-04-30 15:02:48',1,'2019-04-30 15:02:48'),

(32,17,'sceneLive','考试现场','/scene/live/','','','',2,13,'',2,1,1,'2019-04-30 15:11:06',1,'2019-04-30 15:11:06'),

(33,17,'help','帮助','/help','','','',2,14,'',2,1,1,'2019-04-30 15:11:19',1,'2019-04-30 15:11:19');

/*Data for the table `tes_property` */

/*Data for the table `tes_property_item` */

/*Data for the table `tes_question_bank` */

INSERT  INTO `tes_question_bank`(`id`,`name`,`memo`,`branch_id`,`department_id`,`station_id`,`status`,`is_del`,`update_time`,`update_user_id`,`create_user_id`,`create_time`) VALUES

(4,'测试题库','用来演示和测试',18,2,-1,1,1,'2019-05-05 18:07:10',1,5,'2018-12-20 23:01:00'),

(5,'三综合题库','三综合考试题专用',18,2,-1,1,1,'2018-12-20 23:01:31',5,5,'2018-12-20 23:01:31');

/*Data for the table `tes_role` */

INSERT  INTO `tes_role`(`id`,`name`,`code`,`memo`,`status`,`is_del`,`create_user_id`,`create_time`,`update_user_id`,`update_time`) VALUES

(2,'超级管理员','root','不开放给业务方',1,1,1,'2019-01-05 10:42:00',1,'2019-05-05 17:50:58'),

(3,'管理员','admin','系统管理员使用',1,1,1,'2019-04-30 15:54:50',1,'2019-04-30 15:54:50'),

(4,'教师','teacher','',1,1,1,'2019-04-30 15:55:01',1,'2019-04-30 15:55:01'),

(5,'普通用户','user','',1,1,1,'2019-04-30 15:55:20',1,'2019-04-30 15:55:20');

/*Data for the table `tes_role_permission_x` */

INSERT  INTO `tes_role_permission_x`(`id`,`role_id`,`permission_id`,`no`,`is_del`,`create_user_id`,`create_time`,`update_user_id`,`update_time`) VALUES

(1,2,1,1,1,1,'2019-04-30 15:53:53',1,'2019-04-30 15:53:53'),

(2,2,2,1,1,1,'2019-04-30 15:53:53',1,'2019-04-30 15:53:53'),

(3,2,3,1,1,1,'2019-04-30 15:53:53',1,'2019-04-30 15:53:53'),

(4,2,4,1,1,1,'2019-04-30 15:53:53',1,'2019-04-30 15:53:53'),

(5,2,5,1,1,1,'2019-04-30 15:53:53',1,'2019-04-30 15:53:53'),

(6,2,6,1,1,1,'2019-04-30 15:53:53',1,'2019-04-30 15:53:53'),

(7,2,7,1,1,1,'2019-04-30 15:53:53',1,'2019-04-30 15:53:53'),

(8,2,8,1,1,1,'2019-04-30 15:53:53',1,'2019-04-30 15:53:53'),

(9,2,24,1,1,1,'2019-04-30 15:53:53',1,'2019-04-30 15:53:53'),

(10,2,25,1,1,1,'2019-04-30 15:53:53',1,'2019-04-30 15:53:53'),

(11,2,9,1,1,1,'2019-04-30 15:53:53',1,'2019-04-30 15:53:53'),

(12,2,10,1,1,1,'2019-04-30 15:53:53',1,'2019-04-30 15:53:53'),

(13,2,11,1,1,1,'2019-04-30 15:53:53',1,'2019-04-30 15:53:53'),

(14,2,12,1,1,1,'2019-04-30 15:53:53',1,'2019-04-30 15:53:53'),

(15,2,13,1,1,1,'2019-04-30 15:53:53',1,'2019-04-30 15:53:53'),

(16,2,14,1,1,1,'2019-04-30 15:53:53',1,'2019-04-30 15:53:53'),

(17,2,15,1,1,1,'2019-04-30 15:53:53',1,'2019-04-30 15:53:53'),

(18,2,16,1,1,1,'2019-04-30 15:53:53',1,'2019-04-30 15:53:53'),

(19,2,17,1,1,1,'2019-04-30 15:53:53',1,'2019-04-30 15:53:53'),

(20,2,18,1,1,1,'2019-04-30 15:53:53',1,'2019-04-30 15:53:53'),

(21,2,19,1,1,1,'2019-04-30 15:53:53',1,'2019-04-30 15:53:53'),

(22,2,20,1,1,1,'2019-04-30 15:53:53',1,'2019-04-30 15:53:53'),

(23,2,21,1,1,1,'2019-04-30 15:53:53',1,'2019-04-30 15:53:53'),

(24,2,22,1,1,1,'2019-04-30 15:53:53',1,'2019-04-30 15:53:53'),

(25,2,23,1,1,1,'2019-04-30 15:53:53',1,'2019-04-30 15:53:53'),

(26,2,26,1,1,1,'2019-04-30 15:53:53',1,'2019-04-30 15:53:53'),

(27,2,27,1,1,1,'2019-04-30 15:53:53',1,'2019-04-30 15:53:53'),

(28,2,28,1,1,1,'2019-04-30 15:53:53',1,'2019-04-30 15:53:53'),

(29,2,29,1,1,1,'2019-04-30 15:53:53',1,'2019-04-30 15:53:53'),

(30,2,30,1,1,1,'2019-04-30 15:53:53',1,'2019-04-30 15:53:53'),

(31,2,31,1,1,1,'2019-04-30 15:53:53',1,'2019-04-30 15:53:53'),

(32,2,32,1,1,1,'2019-04-30 15:53:53',1,'2019-04-30 15:53:53'),

(33,2,33,1,1,1,'2019-04-30 15:53:53',1,'2019-04-30 15:53:53'),

(34,3,2,1,1,1,'2019-04-30 16:04:26',1,'2019-04-30 16:04:26'),

(35,3,3,1,1,1,'2019-04-30 16:04:26',1,'2019-04-30 16:04:26'),

(36,3,4,1,1,1,'2019-04-30 16:04:26',1,'2019-04-30 16:04:26'),

(37,3,5,1,1,1,'2019-04-30 16:04:26',1,'2019-04-30 16:04:26'),

(38,3,6,1,1,1,'2019-04-30 16:04:26',1,'2019-04-30 16:04:26'),

(39,3,7,1,1,1,'2019-04-30 16:04:26',1,'2019-04-30 16:04:26'),

(40,3,8,1,1,1,'2019-04-30 16:04:26',1,'2019-04-30 16:04:26'),

(41,3,24,1,1,1,'2019-04-30 16:04:26',1,'2019-04-30 16:04:26'),

(42,3,9,1,1,1,'2019-04-30 16:04:26',1,'2019-04-30 16:04:26'),

(43,3,10,1,1,1,'2019-04-30 16:04:26',1,'2019-04-30 16:04:26'),

(44,3,11,1,1,1,'2019-04-30 16:04:26',1,'2019-04-30 16:04:26'),

(45,3,12,1,1,1,'2019-04-30 16:04:26',1,'2019-04-30 16:04:26'),

(46,3,13,1,1,1,'2019-04-30 16:04:26',1,'2019-04-30 16:04:26'),

(47,3,14,1,1,1,'2019-04-30 16:04:26',1,'2019-04-30 16:04:26'),

(48,3,15,1,1,1,'2019-04-30 16:04:26',1,'2019-04-30 16:04:26'),

(49,3,16,1,1,1,'2019-04-30 16:04:26',1,'2019-04-30 16:04:26'),

(50,3,17,1,1,1,'2019-04-30 16:04:26',1,'2019-04-30 16:04:26'),

(51,3,18,1,1,1,'2019-04-30 16:04:26',1,'2019-04-30 16:04:26'),

(52,3,19,1,1,1,'2019-04-30 16:04:26',1,'2019-04-30 16:04:26'),

(53,3,20,1,1,1,'2019-04-30 16:04:26',1,'2019-04-30 16:04:26'),

(54,3,21,1,1,1,'2019-04-30 16:04:26',1,'2019-04-30 16:04:26'),

(55,3,22,1,1,1,'2019-04-30 16:04:26',1,'2019-04-30 16:04:26'),

(56,3,23,1,1,1,'2019-04-30 16:04:26',1,'2019-04-30 16:04:26'),

(57,3,26,1,1,1,'2019-04-30 16:04:26',1,'2019-04-30 16:04:26'),

(58,3,27,1,1,1,'2019-04-30 16:04:26',1,'2019-04-30 16:04:26'),

(59,3,28,1,1,1,'2019-04-30 16:04:26',1,'2019-04-30 16:04:26'),

(60,3,29,1,1,1,'2019-04-30 16:04:26',1,'2019-04-30 16:04:26'),

(61,3,30,1,1,1,'2019-04-30 16:04:26',1,'2019-04-30 16:04:26'),

(62,3,31,1,1,1,'2019-04-30 16:04:26',1,'2019-04-30 16:04:26'),

(63,3,32,1,1,1,'2019-04-30 16:04:26',1,'2019-04-30 16:04:26'),

(64,3,33,1,1,1,'2019-04-30 16:04:26',1,'2019-04-30 16:04:26'),

(65,4,2,1,1,1,'2019-04-30 16:04:50',1,'2019-04-30 16:04:50'),

(66,4,3,1,1,1,'2019-04-30 16:04:50',1,'2019-04-30 16:04:50'),

(67,4,4,1,1,1,'2019-04-30 16:04:50',1,'2019-04-30 16:04:50'),

(68,4,5,1,1,1,'2019-04-30 16:04:50',1,'2019-04-30 16:04:50'),

(69,4,6,1,1,1,'2019-04-30 16:04:50',1,'2019-04-30 16:04:50'),

(70,4,7,1,1,1,'2019-04-30 16:04:50',1,'2019-04-30 16:04:50'),

(71,4,8,1,1,1,'2019-04-30 16:04:50',1,'2019-04-30 16:04:50'),

(72,4,24,1,1,1,'2019-04-30 16:04:50',1,'2019-04-30 16:04:50'),

(73,4,9,1,1,1,'2019-04-30 16:04:50',1,'2019-04-30 16:04:50'),

(74,4,10,1,1,1,'2019-04-30 16:04:50',1,'2019-04-30 16:04:50'),

(75,4,11,1,1,1,'2019-04-30 16:04:50',1,'2019-04-30 16:04:50'),

(76,4,12,1,1,1,'2019-04-30 16:04:50',1,'2019-04-30 16:04:50'),

(77,4,13,1,1,1,'2019-04-30 16:04:50',1,'2019-04-30 16:04:50'),

(78,4,14,1,1,1,'2019-04-30 16:04:50',1,'2019-04-30 16:04:50'),

(79,4,15,1,1,1,'2019-04-30 16:04:50',1,'2019-04-30 16:04:50'),

(80,4,16,1,1,1,'2019-04-30 16:04:50',1,'2019-04-30 16:04:50'),

(81,4,17,1,1,1,'2019-04-30 16:04:50',1,'2019-04-30 16:04:50'),

(82,4,18,1,1,1,'2019-04-30 16:04:50',1,'2019-04-30 16:04:50'),

(83,4,19,1,1,1,'2019-04-30 16:04:50',1,'2019-04-30 16:04:50'),

(84,4,20,1,1,1,'2019-04-30 16:04:50',1,'2019-04-30 16:04:50'),

(85,4,21,1,1,1,'2019-04-30 16:04:50',1,'2019-04-30 16:04:50'),

(86,4,22,1,1,1,'2019-04-30 16:04:50',1,'2019-04-30 16:04:50'),

(87,4,23,1,1,1,'2019-04-30 16:04:50',1,'2019-04-30 16:04:50'),

(88,4,26,1,1,1,'2019-04-30 16:04:50',1,'2019-04-30 16:04:50'),

(89,4,27,1,1,1,'2019-04-30 16:04:50',1,'2019-04-30 16:04:50'),

(90,4,28,1,1,1,'2019-04-30 16:04:50',1,'2019-04-30 16:04:50'),

(91,4,29,1,1,1,'2019-04-30 16:04:50',1,'2019-04-30 16:04:50'),

(92,4,30,1,1,1,'2019-04-30 16:04:50',1,'2019-04-30 16:04:50'),

(93,4,31,1,1,1,'2019-04-30 16:04:50',1,'2019-04-30 16:04:50'),

(94,4,32,1,1,1,'2019-04-30 16:04:50',1,'2019-04-30 16:04:50'),

(95,4,33,1,1,1,'2019-04-30 16:04:50',1,'2019-04-30 16:04:50'),

(96,5,8,1,1,1,'2019-04-30 16:05:34',1,'2019-04-30 16:05:34'),

(97,5,19,1,1,1,'2019-04-30 16:05:34',1,'2019-04-30 16:05:34'),

(98,5,20,1,1,1,'2019-04-30 16:05:34',1,'2019-04-30 16:05:34'),

(99,5,22,1,1,1,'2019-04-30 16:05:34',1,'2019-04-30 16:05:34'),

(100,5,28,1,1,1,'2019-04-30 16:05:34',1,'2019-04-30 16:05:34'),

(101,5,29,1,1,1,'2019-04-30 16:05:34',1,'2019-04-30 16:05:34'),

(102,5,30,1,1,1,'2019-04-30 16:05:34',1,'2019-04-30 16:05:34'),

(103,5,31,1,1,1,'2019-04-30 16:05:34',1,'2019-04-30 16:05:34'),

(104,5,33,1,1,1,'2019-04-30 16:05:34',1,'2019-04-30 16:05:34');

/*Data for the table `tes_station` */

INSERT  INTO `tes_station`(`id`,`code`,`name`,`memo`,`is_del`,`status`,`create_time`,`create_user_id`,`update_time`,`update_user_id`) VALUES

(1,'ST20181218001','客户经理岗','针对对私客户，解答用户在使用个人业务遇到的问题',1,1,'2018-12-18 22:28:03',1,'2018-12-18 22:28:03',1);

/*Data for the table `tes_user` */

INSERT  INTO `tes_user`(`id`,`username`,`password`,`salt`,`id_no`,`name`,`branch_id`,`department_id`,`station_id`,`status`,`is_del`,`create_time`,`update_time`,`create_user_id`,`update_user_id`) VALUES

(1,'allen','123456','','4115031989******16','Lei Yang',1,2,1,1,1,'2018-12-18 22:26:09','2018-12-19 14:38:45',1,1),

(2,'18538179515','888888','','41****************','高老师',12,2,-1,1,1,'2018-12-19 15:02:28','2018-12-19 15:03:12',2,2),

(3,'13839956676','888888','','41****************','王经理',12,1,-1,1,1,'2018-12-19 15:04:17','2018-12-19 15:04:17',-1,-1),

(5,'beijing','888888','','','北京人',18,2,1,1,1,'2018-12-19 15:20:29','2019-01-05 11:01:55',5,5),

(6,'001','888888','','','张一',1,-1,-1,1,1,'2019-01-05 14:50:31','2019-01-05 14:50:31',1,1),

(7,'002','888888','','002','张二',12,-1,-1,1,1,'2019-01-05 14:50:31','2019-01-05 14:50:31',1,1),

(8,'003','888888','','003','张三',-1,2,-1,1,1,'2019-01-05 14:50:31','2019-01-05 14:50:31',1,1);

/*Data for the table `tes_user_role_x` */

INSERT  INTO `tes_user_role_x`(`id`,`user_id`,`role_id`,`no`,`is_del`,`create_time`,`create_user_id`,`update_time`,`update_user_id`) VALUES

(1,1,5,0,2,'2019-04-30 16:38:54',1,'2019-04-30 16:38:54',1),

(2,1,2,0,1,'2019-04-30 16:39:13',1,'2019-04-30 16:39:13',1),

(3,6,5,0,1,'2019-05-10 13:50:46',1,'2019-05-10 13:50:46',1),

(4,6,4,1,1,'2019-05-10 13:50:46',1,'2019-05-10 13:50:46',1),

(5,6,3,2,1,'2019-05-10 13:50:46',1,'2019-05-10 13:50:46',1);


